"Site","Partition","alpha","beta","alpha=beta","LRT","p-value","Total branch length"
1,1,"0.00","0.00","0.00","0.00","1.00","0.00"
2,1,"0.00","2.44","1.58","2.43","0.12","88.98"
3,1,"4.40","2.46","3.12","0.16","0.69","175.99"
4,1,"10000.00","1.22","1.88","2.28","0.13","106.08"
5,1,"1.63","0.46","1.24","0.81","0.37","69.77"
6,1,"3.13","0.37","1.33","3.33","0.07","75.29"
7,1,"0.20","0.25","0.22","0.12","0.73","12.52"
8,1,"0.08","0.99","0.40","1.45","0.23","22.77"
9,1,"0.29","0.30","0.30","0.00","0.97","16.86"
10,1,"0.46","1.18","0.83","0.79","0.37","46.57"
11,1,"8245.93","1.03","1.79","0.78","0.38","100.91"
12,1,"2.85","2.21","2.42","0.04","0.84","136.54"
13,1,"14.86","0.45","0.47","-0.03","1.00","26.71"
14,1,"0.18","0.34","0.26","0.36","0.55","14.79"
15,1,"10000.00","1.09","2.11","1.09","0.30","119.17"
16,1,"2.47","1.79","2.05","0.10","0.75","115.57"
17,1,"1.71","0.78","0.84","0.14","0.71","47.49"
18,1,"0.80","3.54","1.97","2.16","0.14","110.92"
19,1,"0.11","0.77","0.35","7.65","0.01","19.52"
20,1,"0.79","0.38","0.49","0.43","0.51","27.86"
21,1,"1.38","0.30","0.43","1.75","0.19","24.20"
22,1,"2.62","2.04","2.18","0.04","0.83","123.13"
23,1,"2.53","1.50","1.70","0.24","0.63","96.11"
24,1,"1.12","1.00","1.06","0.01","0.92","59.72"
25,1,"0.58","1.17","0.87","0.22","0.64","48.98"
26,1,"1.59","0.40","0.80","2.84","0.09","45.01"
27,1,"1.55","0.81","0.94","0.19","0.66","53.06"
28,1,"16.31","1.22","1.51","1.69","0.19","85.41"
29,1,"1.17","0.31","0.79","2.36","0.12","44.43"
30,1,"2.52","2.23","2.34","0.01","0.91","131.93"
31,1,"2.57","1.10","1.47","0.46","0.50","82.81"
32,1,"1.90","0.32","0.42","3.84","0.05","23.51"
33,1,"0.53","0.38","0.40","0.13","0.72","22.33"
34,1,"1.79","0.61","0.88","3.30","0.07","49.41"
35,1,"0.62","0.55","0.56","0.03","0.87","31.55"
36,1,"1.13","0.28","0.44","3.92","0.05","24.77"
37,1,"0.54","0.42","0.44","0.12","0.73","24.88"
38,1,"1.34","0.09","0.13","12.56","0.00","7.22"
39,1,"0.45","0.13","0.20","8.22","0.00","11.05"
40,1,"0.42","0.20","0.25","2.73","0.10","14.28"
41,1,"0.53","0.27","0.32","1.68","0.19","18.17"
42,1,"0.68","0.17","0.30","11.96","0.00","17.10"
43,1,"0.57","0.26","0.33","3.17","0.08","18.60"
44,1,"0.63","0.30","0.38","2.92","0.09","21.63"
45,1,"0.60","0.33","0.37","1.38","0.24","20.73"
46,1,"0.52","0.29","0.34","1.51","0.22","19.13"
47,1,"0.68","0.16","0.20","5.97","0.01","11.41"
48,1,"0.80","0.29","0.39","5.67","0.02","22.08"
49,1,"0.98","0.27","0.39","8.40","0.00","21.89"
50,1,"1.23","0.42","0.54","7.96","0.00","30.69"
51,1,"0.96","0.45","0.60","4.51","0.03","33.63"
52,1,"0.18","0.63","0.46","8.06","0.00","26.19"
53,1,"0.97","0.47","0.54","2.15","0.14","30.63"
54,1,"1.89","0.36","0.56","16.73","0.00","31.41"
55,1,"0.70","0.67","0.68","0.01","0.92","38.38"
56,1,"1.21","0.25","0.36","10.95","0.00","20.29"
57,1,"1.86","0.30","0.40","13.83","0.00","22.73"
58,1,"2.45","0.29","0.61","32.94","0.00","34.31"
59,1,"0.68","0.19","0.32","8.94","0.00","18.21"
60,1,"1.20","0.34","0.48","9.95","0.00","26.86"
61,1,"0.87","0.29","0.35","4.05","0.04","19.59"
62,1,"1.00","0.14","0.25","20.26","0.00","13.83"
63,1,"0.80","0.20","0.31","8.75","0.00","17.62"
64,1,"0.73","0.26","0.27","1.12","0.29","15.12"
65,1,"0.96","0.15","0.28","14.69","0.00","15.66"
66,1,"0.21","0.29","0.27","0.46","0.50","15.11"
67,1,"0.42","0.18","0.25","3.23","0.07","13.87"
68,1,"0.66","0.29","0.39","4.07","0.04","21.82"
69,1,"0.15","0.09","0.10","0.72","0.40","5.44"
70,1,"0.39","0.05","0.16","15.68","0.00","8.89"
71,1,"0.55","0.03","0.14","29.83","0.00","7.74"
72,1,"1.03","0.02","0.10","60.40","0.00","5.64"
73,1,"1.10","0.00","0.14","79.06","0.00","8.02"
74,1,"0.91","0.07","0.23","33.46","0.00","12.74"
75,1,"0.51","0.03","0.05","10.74","0.00","3.04"
76,1,"0.51","0.00","0.10","45.76","0.00","5.48"
77,1,"0.61","0.07","0.17","17.28","0.00","9.64"
78,1,"0.71","0.03","0.15","39.51","0.00","8.46"
79,1,"0.53","0.08","0.15","16.42","0.00","8.26"
80,1,"0.49","0.00","0.02","25.17","0.00","1.05"
81,1,"6.32","0.00","0.07","77.61","0.00","3.80"
82,1,"0.41","0.05","0.18","19.39","0.00","10.26"
83,1,"0.44","0.05","0.14","15.85","0.00","8.00"
84,1,"3.37","0.01","0.13","91.23","0.00","7.18"
85,1,"1.32","0.09","0.35","33.63","0.00","19.67"
86,1,"1.54","0.08","0.33","45.33","0.00","18.90"
87,1,"1.38","0.29","0.47","13.58","0.00","26.68"
88,1,"1.36","0.16","0.52","29.65","0.00","29.51"
89,1,"1.55","0.23","0.53","21.31","0.00","30.03"
90,1,"1.56","0.26","0.60","23.22","0.00","33.71"
91,1,"0.69","0.16","0.26","12.98","0.00","14.66"
92,1,"1.64","0.15","0.44","45.85","0.00","24.60"
93,1,"0.89","0.28","0.47","11.44","0.00","26.60"
94,1,"0.46","0.15","0.20","4.76","0.03","11.40"
95,1,"0.86","0.41","0.47","2.76","0.10","26.28"
96,1,"0.36","0.11","0.17","5.14","0.02","9.79"
97,1,"0.23","0.19","0.20","0.10","0.75","11.34"
98,1,"0.52","0.26","0.34","2.47","0.12","18.92"
99,1,"0.90","0.23","0.37","8.93","0.00","21.09"
100,1,"0.38","0.29","0.31","0.23","0.63","17.67"
101,1,"0.44","0.22","0.27","2.44","0.12","15.24"
102,1,"2.71","0.11","0.17","26.13","0.00","9.51"
103,1,"0.90","0.14","0.27","21.07","0.00","15.41"
104,1,"0.76","0.19","0.33","11.67","0.00","18.48"
105,1,"0.23","0.16","0.17","0.38","0.54","9.52"
106,1,"0.88","0.18","0.39","22.16","0.00","22.14"
107,1,"1.12","0.24","0.36","11.00","0.00","20.20"
108,1,"1.08","0.16","0.30","20.52","0.00","17.00"
109,1,"1.02","0.22","0.35","15.60","0.00","19.76"
110,1,"5.20","0.12","0.26","67.17","0.00","14.49"
111,1,"0.31","0.12","0.17","3.96","0.05","9.66"
112,1,"0.71","0.15","0.28","16.02","0.00","15.87"
113,1,"0.81","0.17","0.27","9.99","0.00","14.99"
114,1,"1.08","0.21","0.40","17.56","0.00","22.30"
115,1,"0.75","0.37","0.47","4.53","0.03","26.73"
116,1,"0.79","0.42","0.48","2.20","0.14","27.15"
117,1,"1.79","0.22","0.58","37.45","0.00","32.97"
118,1,"1.37","0.24","0.43","18.42","0.00","24.08"
119,1,"1.68","0.33","0.55","10.86","0.00","30.98"
120,1,"1.35","0.45","0.59","3.73","0.05","33.43"
121,1,"1.27","0.32","0.51","13.97","0.00","28.59"
122,1,"0.65","0.25","0.30","4.53","0.03","17.21"
123,1,"0.66","0.25","0.32","5.32","0.02","17.79"
124,1,"1.64","0.30","0.48","17.60","0.00","26.90"
125,1,"0.50","0.22","0.24","1.44","0.23","13.75"
126,1,"1.40","0.35","0.50","10.82","0.00","28.19"
127,1,"1.82","0.17","0.41","43.81","0.00","23.34"
128,1,"0.37","0.20","0.22","1.18","0.28","12.54"
129,1,"1.14","0.28","0.47","19.61","0.00","26.45"
130,1,"1.07","0.46","0.59","4.46","0.03","33.02"
131,1,"1.01","0.26","0.34","7.89","0.00","19.00"
132,1,"4.96","0.37","0.56","28.25","0.00","31.57"
133,1,"2.32","0.37","0.69","24.69","0.00","39.06"
134,1,"2.81","0.28","0.47","30.93","0.00","26.64"
135,1,"1.41","0.64","0.87","6.67","0.01","48.82"
136,1,"1.68","0.44","0.72","13.10","0.00","40.58"
137,1,"1.48","0.29","0.53","20.63","0.00","29.89"
138,1,"1.38","0.56","0.77","6.53","0.01","43.33"
139,1,"2.44","0.39","0.53","16.35","0.00","30.08"
140,1,"1.75","0.44","0.71","17.23","0.00","39.99"
141,1,"1.33","0.65","0.79","2.99","0.08","44.50"
142,1,"1.51","0.41","0.68","11.92","0.00","38.46"
143,1,"3.41","0.37","0.85","38.97","0.00","48.20"
144,1,"2.44","0.57","0.72","10.87","0.00","40.63"
145,1,"2.65","0.53","0.99","21.61","0.00","55.67"
146,1,"2.26","0.26","0.34","15.50","0.00","19.43"
147,1,"1.16","0.38","0.57","9.55","0.00","32.40"
148,1,"0.97","0.67","0.74","0.87","0.35","41.70"
149,1,"3.95","0.34","0.45","11.14","0.00","25.17"
150,1,"0.47","0.34","0.37","0.34","0.56","20.78"
151,1,"2.00","0.53","0.78","9.41","0.00","43.87"
152,1,"1.25","0.49","0.63","4.00","0.05","35.71"
153,1,"1.32","0.54","0.59","1.65","0.20","33.24"
154,1,"1.34","0.45","0.59","4.44","0.04","33.13"
155,1,"0.58","0.59","0.59","0.00","0.98","33.23"
156,1,"0.79","0.61","0.65","0.16","0.69","36.44"
157,1,"3.20","0.66","0.87","2.22","0.14","49.08"
158,1,"4.07","1.47","1.74","2.37","0.12","98.32"
159,1,"0.97","0.27","0.42","5.88","0.02","23.62"
